{
  "vodom": {
    "camera_dev": "/dev/video0",

    "W": 800,
    "H": 600,
    "FPS": 30,

    "tag_size_m": 0.105,

    "K": [
      [650.3330, 0.0,      331.8511],
      [0.0,      648.2093, 238.5136],
      [0.0,      0.0,      1.0]
    ],

    "D": [0.00215, -0.06148, -0.00144, 0.00551, -0.11276],

    "Rbc": [
      [0.0,  0.0,  1.0],
      [-1.0, 0.0,  0.0],
      [0.0, -1.0,  0.0]
    ],

    "tbc": [0.0, 0.0, 0.0],

    "confirm_hits": 2,
    "forget_miss": 3,
    "roi_expand": 2.0
  },

  "system": {
    "mcu_dev": "/dev/ttyUSB0",
    "host_dev": "/dev/ttyUSB1"
  },

  "mcu": {
    "pid_angle": {
      "kp": 1.0,
      "ki": 0.1,
      "kd": 0.01
    },
    "pid_rate": {
      "kp": 0.8,
      "ki": 0.05,
      "kd": 0.005
    },
    "pid_pos": {
      "kp": 0.5,
      "ki": 0.0,
      "kd": 0.0
    }
  }
}
